Name,RTC Mean,RTA Mean,IMDB Mean
Golan-Globus Productions,66.999999999999972,44.999999999999993,6.0999999999999996
AJF Productions,62.999999999999993,57.999999999999986,6.4999999999999991
Recorded Picture Company (RPC),70.386869860187147,63.879313301174413,6.949618842220298
EMI Films,27.276363393971721,59.899916527487775,6.0745370193949766
Jack Giarraputo Productions,40.0,74.999999999999972,6.4000000000000004
April Films,64.999999999999986,49.999999999999993,6.4000000000000004
Chris Lee Productions,43.999999999999993,48.000000000000007,6.4000000000000004
NALA Films,43.0,36.0,5.5
Elmer Gantry Productions,95.999999999999986,85.999999999999972,7.9000000000000021
ATR Films,12.0,29.000000000000004,5.2000000000000002
Warner Independent Pictures (WIP),78.216525267466835,80.631255849339567,7.4534719489611367
BET Pictures,15.999999999999998,87.0,5.5
Strong Heart/Demme Production,94.0,95.0,8.5999999999999979
Walt Disney Pictures,51.264971978201935,59.485737672314741,6.3662190714825577
Ambush Entertainment,22.000000000000004,34.999999999999993,5.7000000000000011
Kintop Pictures,85.000000000000014,72.999999999999986,6.7000000000000011
"Tyler Perry Company, The",39.252795722263073,73.489794501396204,3.8330451369135834
Idéale Audience,71.0,64.999999999999986,6.5999999999999988
Omni Zoetrope,85.999999999999972,83.999999999999986,7.4000000000000012
No Matter Pictures,65.999999999999972,82.000000000000014,7.4000000000000012
Avnet/Kerner Productions,15.0,64.999999999999986,6.4000000000000004
Resident Evil Productions,22.000000000000004,57.999999999999986,6.2999999999999989
BMI (No. 9) Ltd.,55.000000000000014,71.0,6.7000000000000011
Yari Film Group Releasing,61.000000000000007,62.000000000000007,7.1000000000000005
Abraham Productions,34.999999999999993,51.0,6.0
Cinéa,66.999999999999972,87.0,6.7000000000000011
Selznick International Pictures,93.120974106396616,89.217412327368791,8.0623359340049099
Morgan Creek Productions,23.767397717592424,52.109427433952831,5.9946094895904132
"Geffen Company, The",90.0,79.0,6.9000000000000004
Millennium Films,31.170871309116016,45.213944333636213,6.0619151738237473
CBS Films,41.527639427529913,55.547981001144215,6.4076212530274361
MK2 Productions,43.0,34.000000000000007,6.0999999999999996
FGM Entertainment,68.000000000000014,79.999999999999972,7.3000000000000007
United Film Distribution Company (UFDC),13.999999999999996,22.000000000000004,7.2000000000000002
Tonic Films,62.999999999999993,43.999999999999993,5.5999999999999996
De Laurentiis Entertainment Group (DEG),89.095454429504983,81.700673191840934,7.3830887845128892
British Broadcasting Corporation (BBC),53.694680733402045,57.914680478022291,6.5085748880202159
Film Office,36.0,48.000000000000007,6.0999999999999996
Elle Driver,41.000000000000007,30.000000000000004,5.2999999999999998
Rectangle Productions,72.0,66.999999999999972,6.9000000000000004
Serious Productions,88.999999999999986,62.999999999999993,6.4000000000000004
Lewitt / Eberts Prouctions,10.000000000000002,29.000000000000004,5.2999999999999998
Eden Rock Media,43.840620433565952,70.887234393789072,6.6992536897776898
Porchlight Films,97.0,83.000000000000028,7.3000000000000007
Rex Media,33.0,36.999999999999993,5.5999999999999996
Brothers' Ink Productions,13.0,66.999999999999972,4.7000000000000002
Good Machine,78.07426553008186,70.136552398339717,7.1123181511753479
New Crime Productions,30.000000000000004,37.999999999999993,5.7000000000000011
Edward R. Pressman Film,32.0,63.999999999999979,6.4000000000000004
Reel FX Creative Studios,17.999999999999996,44.999999999999993,5.9000000000000004
Mandarin Pictures,6.0,41.000000000000007,7.1000000000000005
Bac Films,77.000000000000014,85.999999999999972,7.3000000000000007
Zoetrope Studios,78.439822976339755,75.426312913375767,7.3545300409583074
Access Motion Picture Group,90.999999999999972,85.000000000000014,7.3000000000000007
Razor Film Produktion GmbH,34.999999999999993,44.999999999999993,6.4000000000000004
Elevation Filmworks,59.999999999999986,57.999999999999986,6.2000000000000011
Sycamore Pictures,85.000000000000014,83.999999999999986,7.4000000000000012
Bait Productions,26.000000000000004,42.000000000000007,5.2000000000000002
New World Pictures,53.000000000000007,46.999999999999993,6.0999999999999996
Arc Productions,38.999999999999993,61.000000000000007,5.5999999999999996
Columbia Pictures,0.0,58.243155936953556,6.3428092747358882
Cliffjack Motion Pictures,6.0,36.0,5.9000000000000004
Mantarraya Producciones,62.999999999999993,63.999999999999979,6.9000000000000004
Shadow Factory,29.000000000000004,43.0,5.7000000000000011
Columbia Pictures Industries,42.000000000000007,82.000000000000014,6.9000000000000004
Gullane Pictures,18.999999999999996,36.999999999999993,3.5
Big Balloon Adventure Movie,27.0,68.000000000000014,7.3000000000000007
Nine Yards Two Productions,4.0,41.000000000000007,5.4000000000000004
ShadowCatcher Entertainment,85.999999999999972,82.000000000000014,7.2000000000000002
Junebug Movie,85.999999999999972,74.000000000000028,6.9999999999999991
Goldcrest Pictures,32.310988842807021,55.272054421741899,6.9411814556313107
Miramax International,60.431779718952534,64.498061986388379,6.5069193939989765
Metro-Goldwyn-Mayer (MGM),42.295383447228019,55.283678040256277,6.3151253356633488
TaliaFilm II Productions,59.999999999999986,37.999999999999993,6.2000000000000011
Celador Films,36.0,33.0,7.3000000000000007
Universal International Pictures (UI),94.0,93.000000000000028,8.4000000000000004
Marzipan Entertainment,40.0,44.999999999999993,5.5
Astralwerks,93.000000000000028,87.0,7.8000000000000016
Lucasfilm Animation,17.999999999999996,38.999999999999993,5.7000000000000011
Great Scott Productions Pty. Ltd.,55.000000000000014,77.000000000000014,7.4000000000000012
D'Antoni Productions,98.000000000000043,88.000000000000028,7.8000000000000016
Imagine Entertainment,56.413341502713791,56.287966935804583,6.5708216401639161
Mayfair Entertainment International,95.999999999999986,85.999999999999972,7.4999999999999991
Pathe Productions,34.000000000000007,34.000000000000007,5.2999999999999998
Ealing Studios,40.149719799769478,50.842895275544649,6.2337789502034795
Marked Entertainment,81.000000000000028,55.000000000000014,6.2999999999999989
Free Range Films,78.0,83.999999999999986,7.3000000000000007
Number 9 Films,36.0,43.0,6.4999999999999991
Blue Yonder Films,33.0,55.000000000000014,5.9000000000000004
Exodus Film Group,36.0,36.999999999999993,6.0999999999999996
Total Recall,30.000000000000004,46.999999999999993,6.2999999999999989
Sweet Tea Pictures LLC,62.000000000000007,87.0,5.7999999999999998
Robert Wise Productions,85.000000000000014,90.999999999999972,7.9999999999999982
Les Armateurs,90.999999999999972,85.000000000000014,7.5999999999999979
Arenas Entertainment,21.0,62.999999999999993,6.0
Beacon Communications,26.337165502098618,61.122041907446054,5.8749132625445348
Starling Films,81.000000000000028,70.000000000000028,6.4000000000000004
Munich Film Partners & Company (MFP) Shaft Productions,68.000000000000014,41.000000000000007,5.9000000000000004
Horizon Pictures (II),98.999999999999986,93.000000000000028,8.4000000000000004
HandMade Films,92.000000000000014,77.000000000000014,6.9999999999999991
AR Films,29.000000000000004,36.0,5.7000000000000011
Josephson Entertainment,27.999999999999996,61.000000000000007,6.4999999999999991
Media 8 Entertainment,82.000000000000014,81.000000000000028,7.3000000000000007
Charles Chaplin Productions,100.00000000000004,95.0,8.5999999999999979
Ponty Up Pictures,82.000000000000014,69.000000000000014,6.7000000000000011
Arena,36.0,48.000000000000007,5.7999999999999998
Das Films,36.0,61.000000000000007,6.7000000000000011
Epsilon Motion Pictures,25.903667693977241,50.418250663822128,5.8395205282625726
Absolute Entertainment (II),0.0,65.999999999999972,3.7999999999999998
Lumiere Pictures,88.999999999999986,85.000000000000014,7.5999999999999979
3DTK,29.000000000000004,44.999999999999993,6.2000000000000011
Alliance Communications Corporation,100.00000000000004,85.999999999999972,7.7000000000000002
El Camino Pictures,34.999999999999993,76.0,7.1000000000000005
Night and Day Pictures,88.999999999999986,74.000000000000028,7.1000000000000005
JLT Productions,61.000000000000007,79.999999999999972,6.9000000000000004
Cambridge Productions,79.999999999999972,90.0,7.2000000000000002
"Morra, Brezner, Steinberg and Tenenbaum Entertainment (MBST)",28.160255680657453,41.56921938165307,5.5479726026720799
Fader Films,94.0,85.999999999999972,6.9000000000000004
Pathé Renn Productions,83.000000000000028,69.000000000000014,6.9999999999999991
Bel Air Entertainment,30.877770517446571,61.572149663650215,5.9452896835450444
Melvin Simon Productions,30.000000000000004,57.999999999999986,6.0999999999999996
Rastar Pictures,59.000000000000014,88.999999999999986,7.3000000000000007
Heavy Duty Entertainment,57.000000000000007,59.000000000000014,5.9000000000000004
LD Entertainment,36.999999999999993,49.999999999999993,6.0999999999999996
Bold Films,43.620706714548369,42.883767583118157,5.6788691294875093
Lucky Country Productions,85.000000000000014,76.0,6.9999999999999991
As Is Productions,33.0,64.999999999999986,6.8000000000000007
Grand Slam Productions,46.999999999999993,65.999999999999972,6.5999999999999988
Les Productions Artistes Associés,62.000000000000007,43.0,6.2000000000000011
Walden Media,42.326987306208743,47.607648414786368,6.2187620781881359
Edge City,98.000000000000043,79.0,6.9000000000000004
GK Films,38.987177379235845,55.749439459065442,6.6181568431097189
Ex Nihilo,31.0,57.999999999999986,6.9000000000000004
Eclipse Catering,36.999999999999993,52.000000000000007,6.4000000000000004
Kennedy Miller Productions,82.47892881830029,55.329668726030803,6.4556756690226509
Dark Castle Entertainment,46.030101533501067,50.242939713349408,6.410360422500526
Hermetof Pictures,93.000000000000028,57.999999999999986,6.0999999999999996
Island Digital Media,13.0,33.0,3.5999999999999996
Swipe Films,43.999999999999993,52.000000000000007,6.0999999999999996
Amen Ra Films,51.380930314660539,60.547502012882411,6.5810333535091576
Arnold Kopelson Productions,36.999999999999993,43.0,6.2000000000000011
Romulus Films,79.422918606659138,85.906926379658088,7.3484692283495345
H2F Entertainment,13.999999999999996,48.999999999999993,6.2999999999999989
Bates Entertainment,27.999999999999996,72.999999999999986,5.5999999999999996
"Malpaso Company, The",62.161081071680208,58.335238064140945,6.5069193939989765
Dimension Films,36.002944393114973,49.03195508775913,5.8096308023689884
Cohen Media Group,87.0,74.000000000000028,7.2000000000000002
Deon Taylor Enterprises,23.0,18.999999999999996,4.0999999999999996
Magic Light Pictures,32.0,56.000000000000021,6.9000000000000004
Warner Brothers,13.999999999999996,65.999999999999972,6.4999999999999991
Out of the Blue... Entertainment,83.999999999999986,81.000000000000028,7.4999999999999991
IndustryWorks Pictures,57.000000000000007,68.000000000000014,6.9000000000000004
StudioCanal,51.848032195571989,49.705805863361817,6.1352614338147164
Allan Zeman Productions,12.0,36.0,4.9999999999999991
Sputnik,98.999999999999986,74.999999999999972,7.2000000000000002
FTM Productions,4.0,27.0,5.2000000000000002
Alfred J. Hitchcock Productions,90.0,74.000000000000028,7.2000000000000002
Amercent Films,78.0,87.0,7.9000000000000021
C4 Pictures,12.0,64.999999999999986,4.0999999999999996
Baldwin/Cohen Productions,37.999999999999993,66.999999999999972,6.5999999999999988
Prototype,6.0,22.000000000000004,4.0999999999999996
Silver Screen Partners IV,7.9999999999999982,49.999999999999993,5.2000000000000002
XYZ Films,77.000000000000014,74.999999999999972,6.7000000000000011
FilmDistrict,44.027784059234996,62.188940218895695,6.6704825038616642
Evolution Entertainment,36.0,59.000000000000014,7.7000000000000002
One Race Productions,59.000000000000014,54.000000000000007,6.4000000000000004
Mpower American Carol Holding,11.000000000000002,46.0,4.4000000000000004
GGR,94.0,88.999999999999986,7.9000000000000021
Overbrook Entertainment,26.000000000000004,57.000000000000007,6.4000000000000004
Cinerenta Medienbeteiligungs KG,44.452221541785732,46.010868281309371,6.1481704595757591
Lorimar Film Entertainment,30.49590136395382,51.536394906900519,6.2048368229954285
Stacey Testro International,43.999999999999993,55.000000000000014,6.8000000000000007
AMLF,95.0,95.0,8.4000000000000004
Kim Ki-Duk Film,66.999999999999972,82.000000000000014,5.7999999999999998
TriStar Television,88.000000000000028,88.999999999999986,7.7000000000000002
Dino de Laurentiis Cinematografica,72.999999999999986,57.000000000000007,5.9000000000000004
i5 Films,82.000000000000014,59.000000000000014,6.7000000000000011
North by Northwest Entertainment,82.000000000000014,95.0,6.4999999999999991
Kings Road Entertainment,13.0,77.000000000000014,6.4999999999999991
Galafilm Productions,43.999999999999993,63.999999999999979,6.2999999999999989
Aggregate Films,18.999999999999996,54.000000000000007,5.7000000000000011
Quinta Communications,48.000000000000007,48.999999999999993,6.2999999999999989
Gener8Xion Entertainment,18.999999999999996,78.0,6.2999999999999989
Ternion Pictures,62.999999999999993,37.999999999999993,6.2000000000000011
"American Film Company, The",55.000000000000014,62.000000000000007,6.9999999999999991
IDG China Media,21.0,48.000000000000007,6.0
Hyde Park Films,7.9999999999999982,29.000000000000004,5.0999999999999996
AVCO Embassy Pictures,74.01351227985333,66.828137786414459,6.8934751758456345
Columbia Pictures Corporation,0.0,60.041313024742273,6.4022575769085694
Escape Artists,17.999999999999996,37.999999999999993,5.2999999999999998
Initial Entertainment Group (IEG),19.899748742132399,38.832975677895206,5.8326666285670745
Children's Television Workshop (CTW),77.000000000000014,62.999999999999993,5.7000000000000011
Thin Man Films,93.000000000000028,74.000000000000028,7.3000000000000007
Hydraulx,92.000000000000014,81.000000000000028,7.4000000000000012
Color Force,68.680419334771116,66.407830863535978,6.9541354602854861
Omnilab Media,24.999999999999996,43.0,6.4999999999999991
Fabled LLC,40.0,24.999999999999996,5.7999999999999998
Coach Carter,64.999999999999986,85.000000000000014,7.2000000000000002
Shangri-La Entertainment,28.565713714171398,32.12475680841802,5.5560777532356393
"Last Picture Company, The",54.000000000000007,61.000000000000007,7.1000000000000005
Original Film,9.0000000000000018,18.999999999999996,4.0
De Fina-Cappa,73.457470688827868,74.893257373411132,6.8992753242641367
Allied Vision,37.999999999999993,32.0,5.2999999999999998
Legend Production Company,48.000000000000007,74.000000000000028,6.4000000000000004
Magnolia Pictures,62.577951388648067,59.699246226397193,6.8992753242641367
Icon Productions,43.714985988788769,57.271284253105428,6.3616035714275698
United Artists Corporation,33.0,56.000000000000021,6.4000000000000004
New Regency Pictures,9.8904248251317082,40.297115705064797,3.9858773772339289
Brooksfilms,57.861904565957708,82.498484834571414,6.9992856778388459
Twentieth Century Fox Film Corporation,38.846946447595201,56.256865622340342,6.1886690819564798
Cube Vision,26.832815729997478,60.49793384901669,5.5226805085936306
Twisted Pictures,23.782553627825592,59.679904814047049,6.0935920519926938
Darryl F. Zanuck Productions,92.000000000000014,90.999999999999972,7.8000000000000016
House Row Productions,22.000000000000004,32.0,5.0999999999999996
Mod Producciones,53.000000000000007,64.999999999999986,7.2000000000000002
Lions Gate Films,35.943820981774394,61.261963329211277,6.1676798641141799
Film Properties International N.V.,79.999999999999972,83.999999999999986,7.7000000000000002
United Artists,65.37240937708394,66.801801294672728,6.8063651552604787
HBO Films,89.727364833700548,80.777472107017545,7.2456883730947181
OddLot Entertainment,29.000000000000004,24.999999999999996,5.5
Davis Entertainment,36.814819975714457,44.054329528739473,5.926389094126379
Gotham Entertainment Group,10.000000000000002,65.999999999999972,3.7000000000000006
Marvel Entertainment,88.999999999999986,93.000000000000028,7.9000000000000021
Monsterfoot Productions,33.0,68.000000000000014,6.5999999999999988
Belladonna Productions,50.079936102195646,50.724747411889602,6.6520673478250352
Big Idea Productions,64.999999999999986,74.999999999999972,6.5999999999999988
Focus Features,65.118718135872484,61.448224294813905,6.9433521578827193
Golar Productions,24.000000000000004,62.000000000000007,6.7000000000000011
Eurimages,10.000000000000002,33.0,6.0999999999999996
Filmax Group,77.000000000000014,83.000000000000028,7.8000000000000016
Four Seasons Partnership,53.000000000000007,68.000000000000014,7.3000000000000007
Thomson Productions,22.000000000000004,51.0,6.4999999999999991
Seagal/Nasso Productions,10.000000000000002,34.999999999999993,4.2000000000000002
No Limit Films,0.0,69.000000000000014,4.0999999999999996
Crossbow Productions,89.498603341057773,81.504601097115966,7.2291078287711272
ARP Sélection,76.0,74.999999999999972,6.9000000000000004
Knock Films A.V.V.,7.9999999999999982,24.999999999999996,4.7000000000000002
Laurel Entertainment Inc.,30.000000000000004,40.0,5.9000000000000004
Parallel Entertainment Pictures,3.0000000000000004,44.999999999999993,3.1000000000000001
IFC Productions,61.326991341958283,67.061234215926461,7.056719143239131
Scott Rudin Productions,86.255434611391294,74.699397587932424,7.2753006810715393
3 Miles Apart Productions Ltd.,48.000000000000007,42.000000000000007,6.0
Fidélité Productions,76.681158050723226,72.753006810715377,7.0455659815234153
Channel Four Films,76.958364257126362,75.751520256490053,7.1537277557488412
Odeon Films,88.999999999999986,66.999999999999972,6.9000000000000004
ArieScope Pictures,66.999999999999972,30.000000000000004,5.2000000000000002
Play It Inc.,12.0,26.000000000000004,5.4000000000000004
Eulogy Productions LLC,32.0,72.0,6.7000000000000011
Block / Hanson,12.0,48.000000000000007,5.0999999999999996
Caravan Pictures,0.0,41.85689907291269,5.2306787322488093
Carousel Productions (II),78.0,77.000000000000014,7.4999999999999991
Real Folk Productions,49.999999999999993,62.999999999999993,6.4999999999999991
Phoenix Pictures,42.790737798440205,53.764737388021061,6.5364671100023459
Matten Productions,79.0,90.0,8.1999999999999993
Indian Paintbrush,55.695601262577291,68.774995456197558,7.3362115563824917
Fox Meadow Films,15.0,32.0,4.7000000000000002
Off Line Entertainment Group,62.000000000000007,83.999999999999986,7.2000000000000002
Working Title Films,18.999999999999996,36.0,4.2000000000000002
"Hudlin Brothers, The",21.0,65.999999999999972,4.9000000000000004
MTV Films,40.0,77.000000000000014,6.4000000000000004
Fidélité Films,72.0,71.0,7.3000000000000007
Film Kraft,100.00000000000004,72.0,6.2999999999999989
Motion Picture Corporation of America (MPCA),6.9999999999999991,34.999999999999993,4.7999999999999998
ApolloProMedia GmbH & Co. 1. Filmproduktion KG (I),34.999999999999993,81.000000000000028,7.3000000000000007
RKO Pictures,59.096461949036012,43.906135993000227,5.8284766832514565
Warner Brothers/Seven Arts,98.000000000000043,90.999999999999972,8.1000000000000014
MDP Worldwide,11.000000000000002,33.0,4.7000000000000002
Canadian Film Development Corporation (CFDC),79.999999999999972,81.000000000000028,7.3000000000000007
JF Productions,31.464265445104548,67.141641326378092,5.7480431452799667
George Litto Productions,19.999999999999996,36.999999999999993,5.5999999999999996
Chester Films Inc.,48.999999999999993,48.999999999999993,6.0
Extension 765,72.0,61.000000000000007,6.5999999999999988
Gorilla Films,72.999999999999986,55.000000000000014,6.2999999999999989
Altavista Films,92.000000000000014,94.0,8.1000000000000014
Strike Entertainment,86.615025119058757,65.061086557505945,6.7434760926198418
Ecosse Films,79.0,74.000000000000028,7.2000000000000002
Phoenician Films,37.999999999999993,48.999999999999993,5.2999999999999998
Egg Pictures,77.000000000000014,79.0,7.1000000000000005
Rudius Films,19.999999999999996,42.000000000000007,5.2999999999999998
Open City Films,3.0000000000000004,49.999999999999993,4.7999999999999998
Independent Film Channel (IFC),26.000000000000004,57.000000000000007,6.2000000000000011
Georgetown Productions Inc.,33.0,48.999999999999993,6.0
Beckner/Gorman Productions,36.999999999999993,40.0,5.5999999999999996
Hallmark Entertainment,79.0,43.0,6.4000000000000004
Let It Play,85.999999999999972,65.999999999999972,6.2999999999999989
Alcon Entertainment,0.0,56.818561630810386,6.1195596988661753
Embark Visuals,79.999999999999972,79.999999999999972,6.9000000000000004
Figment Films,18.999999999999996,57.999999999999986,6.5999999999999988
Walt Disney Feature Animation,70.792792837372303,70.471769388087836,7.0742631602918253
Suburban Pictures,90.0,85.999999999999972,7.4999999999999991
DiC Enterprises,4.0,38.999999999999993,3.7999999999999998
Tiberius Film Productions,22.000000000000004,31.0,4.7999999999999998
Headline Pictures,79.0,65.999999999999972,6.8000000000000007
George Stevens Productions,36.999999999999993,64.999999999999986,6.4999999999999991
Dylan Sellers Productions,13.0,31.0,4.4000000000000004
Halestorm Entertainment,69.641941385920603,77.36924453553884,6.044832503882966
Cinema 77,90.0,81.000000000000028,7.3000000000000007
Quaker Media,46.0,63.999999999999979,6.4999999999999991
Clavius Base,93.000000000000028,78.0,6.8000000000000007
Samuel Bronston Productions,57.000000000000007,53.000000000000007,6.8000000000000007
David Brown Productions,52.000000000000007,82.000000000000014,7.3000000000000007
DreamWorks Pictures,63.999999999999979,72.999999999999986,7.2000000000000002
Avery Pix,12.409673645990859,35.411862419251555,5.0438080851673961
Iron Horse Entertainment (II),79.999999999999972,61.000000000000007,6.0999999999999996
Endgame Entertainment,79.265272632453687,72.887990777317768,7.1573443064731013
Moulin Productions Inc.,83.999999999999986,72.0,7.4000000000000012
Dino De Laurentiis Company,42.828842885550145,52.425024166276557,6.3176654190035286
Camelot Pictures,85.999999999999972,88.000000000000028,7.5999999999999979
101st Street Films,13.0,18.999999999999996,2.2999999999999998
Hi-Rez Films,13.0,32.0,4.4000000000000004
Creepshow Films Inc.,69.000000000000014,69.000000000000014,6.8000000000000007
Bad Robot,55.000000000000014,51.0,6.4999999999999991
Cloud Atlas Productions,65.999999999999972,65.999999999999972,7.5999999999999979
Act III Communications,97.0,95.0,8.1999999999999993
Malpaso Productions,49.909918853871112,51.380930314660496,6.4992307237087674
Austin Film Group,40.0,27.999999999999996,5.2999999999999998
Lionsgate,27.926118061226905,51.397297383760154,5.8950829856251952
Clipsal Films,78.0,52.000000000000007,6.4000000000000004
Interview Productions,66.999999999999972,56.000000000000021,6.5999999999999988
Handprint Entertainment,76.0,85.999999999999972,7.4000000000000012
SNL Studios,18.761663039293722,51.215232109207527,4.9989998999799958
Gravitas,22.000000000000004,79.999999999999972,6.7000000000000011
Alliance Entertainment,97.0,83.999999999999986,7.2000000000000002
South Pacific Pictures,90.0,88.999999999999986,7.7000000000000002
Lucasfilm,75.130439675030956,72.073997996582648,7.6181813089915931
Senator Entertainment Co,13.0,17.0,5.0999999999999996
Film Foundry Partners,13.999999999999996,46.999999999999993,5.4000000000000004
Nickelodeon Movies,48.000000000000007,51.0,5.9000000000000004
Cherry Alley Productions,24.999999999999996,32.0,5.2000000000000002
Lucky Monkey Pictures,49.999999999999993,33.0,5.0999999999999996
Spanky Pictures,83.000000000000028,64.999999999999986,6.7000000000000011
Strohberry Films,43.0,41.000000000000007,5.7999999999999998
Eon Productions,75.619195562227659,69.319535172830115,7.0156204810290612
Polar Entertainment Corporation,59.999999999999986,72.0,6.5999999999999988
Hemdale Film,92.39069886635663,86.352077562412489,7.7655236858468406
Two Ton Films,6.9999999999999991,41.000000000000007,5.5999999999999996
Cherry Sky Films,81.000000000000028,79.0,7.2000000000000002
Cottonwood Pictures,83.999999999999986,59.999999999999986,6.7000000000000011
Videovision Entertainment,59.000000000000014,70.000000000000028,7.1000000000000005
Carnaby International,77.000000000000014,51.0,6.2999999999999989
Gordon Film Productions,13.0,27.999999999999996,4.9000000000000004
Canal+ Droits Audiovisuels,19.999999999999996,36.999999999999993,5.4000000000000004
Harpo Films,78.0,78.689262291623962,6.6392770690791316
CineSon Entertainment,81.000000000000028,79.999999999999972,7.4000000000000012
Beech Hill Films,46.999999999999993,63.999999999999979,6.7000000000000011
APJAC Productions,44.999999999999993,27.0,7.9999999999999982
Dollface,13.0,43.999999999999993,5.7000000000000011
Animated Family Films,0.0,62.999999999999993,3.5
Pathé Entertainment,56.000000000000021,72.999999999999986,6.8000000000000007
Visualeyes Productions,62.999999999999993,56.000000000000021,6.5999999999999988
DC Entertainment,12.0,15.999999999999998,2.7000000000000002
Mace Neufeld Productions,78.943017423962246,73.498299300051883,6.9000000000000004
Les Films Alain Sarde,92.000000000000014,83.999999999999986,7.7000000000000002
micro_scope,92.000000000000014,92.000000000000014,8.1999999999999993
C-2 Pictures,70.000000000000028,46.999999999999993,6.4000000000000004
Victoires International,85.999999999999972,83.999999999999986,7.4000000000000012
Peregrine,95.999999999999986,92.000000000000014,8.1000000000000014
Night Life Inc.,78.0,54.000000000000007,6.0999999999999996
Evenstar Films,82.975900115635966,66.947740813264204,6.745368781616019
Castelao Producciones,19.595917942265427,50.109879265470205,6.3639610306789285
Rent Productions LLC,46.0,83.000000000000028,7.1000000000000005
Also Known As Pictures,22.000000000000004,49.999999999999993,7.1000000000000005
Castle Rock Entertainment,44.338832885494583,0.0,6.4624247256447198
Go Films,65.999999999999972,79.0,6.8000000000000007
Goodspeed Productions,78.0,78.0,7.4999999999999991
Authentic Management Productions,79.999999999999972,62.000000000000007,6.2999999999999989
Archer Street Productions,72.0,68.000000000000014,6.9999999999999991
Entertainment Motion Pictures (E-MOTION),17.0,32.0,5.4000000000000004
Deepa Mehta Films,90.999999999999972,90.0,7.8000000000000016
Liberty Films UK,88.999999999999986,88.999999999999986,7.9999999999999982
Good Dick,51.0,52.000000000000007,6.4999999999999991
Hybrid Productions Inc.,62.999999999999993,62.999999999999993,6.5999999999999988
Material,24.999999999999996,24.999999999999996,5.5
Australian Film Finance Corporation (AFFC),62.567894089282518,71.843457219278392,7.0645287571495379
Leisure Investment Company,42.000000000000007,53.000000000000007,6.0999999999999996
Gold Circle Films,30.252992701475836,60.237571186870532,6.1366421253511145
Avenue Pictures Productions,78.668805202165871,70.92857990395332,7.1549723347179119
De Line Pictures,51.0,36.999999999999993,5.7999999999999998
DisneyToon Studios,34.322004603461025,43.127717305695647,5.732364259186606
Andrea Sperling Productions,31.749015732775092,53.962950252928167,6.745368781616019
Film Andes S.A.,68.000000000000014,69.000000000000014,6.9999999999999991
Bigel / Mailer Films,33.0,33.0,4.9000000000000004
Green Hat Films,23.065125189341593,52.392747589718944,6.2872887638472603
Mandate Pictures,83.999999999999986,74.000000000000028,6.9000000000000004
Christiano Film Group,22.000000000000004,72.999999999999986,5.5
Tag Entertainment,6.0,62.000000000000007,3.8999999999999995
Monarch Pictures,88.999999999999986,71.0,6.9999999999999991
AITD Productions,1.0,10.000000000000002,2.2999999999999998
Comedy Central Films,52.000000000000007,55.000000000000014,6.0
Bipolar Pictures,78.0,59.000000000000014,6.4999999999999991
"Samuel Goldwyn Company, The",78.574805122252741,73.047929470998668,7.0724818840347687
A Happy Place,18.999999999999996,48.000000000000007,4.0999999999999996
Bill Graham Films,54.000000000000007,79.999999999999972,7.2000000000000002
Marakesh Films,85.999999999999972,68.000000000000014,5.9000000000000004
Too Askew Prod. Inc.,88.000000000000028,83.000000000000028,7.4000000000000012
Sweetland Films,53.953683840864848,59.741108124975383,6.8278840060446244
Roth Films,48.000000000000007,62.032249677083321,6.6813172353960271
ETIC Films,43.0,79.0,7.1000000000000005
Hoot Productions LLC,26.000000000000004,56.000000000000021,5.5999999999999996
Occupant Entertainment,69.000000000000014,72.0,7.1000000000000005
Field Guide Films,85.000000000000014,66.999999999999972,7.1000000000000005
Gravier Productions,93.000000000000028,82.000000000000014,7.7000000000000002
"Kushner-Locke Company, The",76.0,77.000000000000014,6.9000000000000004
Huntington Prep,3.0000000000000004,17.999999999999996,3.7999999999999998
Rifkin-Eberts,37.999999999999993,27.999999999999996,5.2999999999999998
Möbius Entertainment,40.0,40.0,5.5
Innovisions,0.0,48.999999999999993,5.2999999999999998
Destination Films,28.217724594653209,50.568333773396859,5.8085277669512294
Triggerfish Animation,43.999999999999993,46.0,5.7999999999999998
Mandeville Films,41.000000000000007,52.000000000000007,3.7000000000000006
415 Productions,56.000000000000021,79.999999999999972,6.4000000000000004
Furst Films,69.000000000000014,48.000000000000007,6.7000000000000011
Amblin Entertainment,52.871822540475428,70.063512127063916,6.8520557691181336
Cataland Films,44.999999999999993,51.0,6.4000000000000004
Cyan Pictures,22.000000000000004,43.999999999999993,5.2999999999999998
Shamley Productions,36.999999999999993,29.000000000000004,8.5999999999999979
Offspring Entertainment,42.000000000000007,69.000000000000014,6.4999999999999991
Rumbalara Films,88.000000000000028,85.999999999999972,7.4999999999999991
Fries Entertainment,7.9999999999999982,61.000000000000007,5.2999999999999998
Crescent Drive Pictures,24.999999999999996,63.999999999999979,6.7000000000000011
Mirage Enterprises,65.299310869258065,83.999999999999986,7.2000000000000002
Cinemarque Entertainment BV,62.999999999999993,74.000000000000028,7.1000000000000005
RKO Radio Pictures,0.0,32.0,7.5999999999999979
Anil Kapoor Film Company,40.0,71.0,7.4000000000000012
Renaissance Pictures,98.000000000000043,83.999999999999986,7.5999999999999979
Apostle,55.000000000000014,87.0,7.5999999999999979
Panay Films,48.000000000000007,51.0,5.7999999999999998
Andrew Lauren Productions (ALP),93.000000000000028,77.000000000000014,7.2000000000000002
Q Productions,63.999999999999979,77.000000000000014,6.5999999999999988
Bandeira Entertainment,29.000000000000004,48.999999999999993,5.5999999999999996
Aardman Animations,90.999999999999972,76.0,7.1000000000000005
Constantin Film Produktion,35.267428943531982,57.841987471448498,5.9913205234477083
Gruskoff/Venture Films,94.0,93.000000000000028,8.1000000000000014
Intrepid Pictures,23.0,46.0,6.4000000000000004
Element Films,4.9999999999999991,27.0,4.5999999999999996
Annapurna Pictures,42.000000000000007,76.0,8.1000000000000014
After Dark Films,2.0,34.999999999999993,4.2999999999999998
Believe Pictures,18.999999999999996,72.0,6.0
3 Dogs and a Pony,85.999999999999972,88.999999999999986,7.8000000000000016
Infinity Features Entertainment,63.999999999999979,59.999999999999986,6.9000000000000004
1492 Pictures,37.223867983303677,55.345918977131063,6.4077055625743879
Beyond Films,43.0,74.000000000000028,6.4000000000000004
Bob Yari Productions,44.703880023675055,80.318857173727082,7.3554078059421037
FilmFour,69.12181799273489,61.069704426939062,6.6223074379243601
NFH Productions,26.000000000000004,40.0,5.7999999999999998
Screen Australia,98.000000000000043,74.000000000000028,6.7000000000000011
Battleplan Productions,46.0,59.000000000000014,6.4999999999999991
DreamWorks Animation,70.081809895236091,69.340367319164258,6.9509674592038735
Twentieth Century Fox,78.771822373231913,69.992856778388472,7.1000000000000005
Angry Films,17.0,43.999999999999993,5.7999999999999998
Dickhouse Productions,61.967733539318651,65.878676368002431,6.8454364360499325
Gordonstreet Pictures,74.000000000000028,76.0,7.1000000000000005
"Ladd Company, The",75.528408379168695,84.013224389962389,7.7413382034230613
25th Hour Productions,78.0,85.000000000000014,7.7000000000000002
Steel Mill Pictures,68.000000000000014,74.999999999999972,6.9999999999999991
Full Sail Real World Education,4.9999999999999991,52.000000000000007,3.1000000000000001
Treehouse Pictures,22.000000000000004,48.000000000000007,6.2000000000000011
BBC Films,40.44096282094867,51.382252406399822,6.5820518319550301
Relativity Media,27.570509850664727,51.191665454172316,6.1041328750213317
True West Films,77.000000000000014,88.999999999999986,7.4000000000000012
A Fire in the Lake,92.000000000000014,88.000000000000028,7.4000000000000012
Fortissimo Films,59.999999999999986,87.0,7.9999999999999982
Calder Road Films,57.999999999999986,49.999999999999993,6.0999999999999996
Focus Puller Inc.,72.0,59.999999999999986,6.5999999999999988
DiNovi Pictures,27.568097504180432,70.455659815234185,6.5268675488322891
SLM Production Group,69.000000000000014,66.999999999999972,6.5999999999999988
Tig Productions,27.0,65.29165337162172,6.8702256149270671
Weintraub Entertainment Group,13.0,30.000000000000004,5.2000000000000002
"Film Farm, The",43.999999999999993,44.999999999999993,6.2000000000000011
Renaissance Films,100.00000000000004,90.0,7.8000000000000016
Electric Eye Entertainment Corporation,12.0,26.000000000000004,4.4000000000000004
Crystal Sky Worldwide,2.0,23.0,2.5
Addison Street Films,29.000000000000004,48.999999999999993,6.4000000000000004
Blueprint Pictures,79.974996092528826,82.425724139979451,7.6419892698171195
Temple Hill Entertainment,55.178483527622404,65.770244889873936,6.2588567766061241
Translux,69.000000000000014,81.000000000000028,7.8000000000000016
DeBart,40.0,34.999999999999993,5.9000000000000004
Branti Film Productions,24.000000000000004,36.0,5.2000000000000002
Paramount Pictures,44.018466102412184,56.661506249312829,6.3338352439255035
ERBP,72.0,81.000000000000028,6.9999999999999991
Robyn Kershaw Productions,57.000000000000007,53.000000000000007,6.2999999999999989
Voltage Pictures,88.639720216165003,70.398863627192128,7.1358251099645091
Trancas International Films,29.000000000000004,54.000000000000007,5.9000000000000004
Kingsgate Films,43.0,71.0,6.8000000000000007
American Zoetrope,35.944401511222857,63.639610306789272,6.4505813691480567
IM Global,57.000000000000007,59.000000000000014,6.4999999999999991
Hyde Park International,37.999999999999993,37.999999999999993,6.4000000000000004
The Mob,92.000000000000014,74.999999999999972,4.5999999999999996
Bronco Productions,18.999999999999996,41.000000000000007,6.0999999999999996
Jersey Films,39.912404086950218,71.105555338524695,6.3968742366877906
Woodbridge Films,21.0,63.999999999999979,6.2999999999999989
Metro-Goldwyn-Mayer,85.000000000000014,90.0,7.4999999999999991
"Australian Film Finance Corporation, The",53.000000000000007,48.999999999999993,6.2999999999999989
Black Diamond Pictures,13.0,48.000000000000007,5.7000000000000011
Deep River Productions,17.0,46.999999999999993,5.9000000000000004
Signal Hill Pictures,13.0,59.999999999999986,5.5999999999999996
Forge,62.337789502034781,63.055531081737769,6.5992423807585663
Ghost House Pictures,40.0,48.999999999999993,5.9000000000000004
Mandalay Pictures,24.81934729198171,73.498299300051883,6.7409198185410872
Adventure Pictures,52.000000000000007,74.000000000000028,6.4999999999999991
Walt Disney Productions,88.194473492641208,77.391940973522523,7.4193310014072464
Anabasis N.V.,50.229473419497452,71.414284285428465,7.0199715099136988
Baltimore Pictures,57.987908696297389,59.998611078959662,6.3900643359893561
Brant-Allen,81.000000000000028,74.000000000000028,6.9999999999999991
World Wrestling Entertainment (WWE),7.9999999999999982,51.0,5.0999999999999996
Constantin Film Ltd.,21.0,61.000000000000007,6.0999999999999996
Addis Wechsler Pictures,73.668174946852048,87.538562930859257,7.2993150363578634
KFM Films,79.999999999999972,68.000000000000014,6.4999999999999991
Vulcan Productions,68.000000000000014,78.0,7.2000000000000002
3 Ring Circus Films,59.999999999999986,87.0,6.9999999999999991
"""DIA"" Productions GmbH & Co. KG",11.000000000000002,62.999999999999993,6.0999999999999996
Eddie Murphy Productions,10.000000000000002,31.0,4.4000000000000004
Carsey-Werner Company,13.416407864998739,38.574603043971834,5.6391488719486738
Cinema Management Group,17.0,43.999999999999993,5.7999999999999998
Insomnia Media Group,78.0,59.999999999999986,6.0
3 Arts Entertainment,52.000000000000007,46.999999999999993,5.7999999999999998
Detention Films (II),37.999999999999993,44.999999999999993,5.7999999999999998
Saban Entertainment,24.999999999999996,64.999999999999986,5.7999999999999998
Mutual Film Company,23.430749027719962,36.606010435446251,5.7965506984757749
Cruella Productions,31.0,32.0,4.7999999999999998
Apocalypso Pictures,90.0,69.000000000000014,6.8000000000000007
Mediapro,46.0,34.000000000000007,6.2999999999999989
Aramid Entertainment Fund,12.0,29.000000000000004,5.5999999999999996
Fox Hill Productions,62.000000000000007,46.0,4.2000000000000002
Harvest Filmworks,87.0,85.000000000000014,7.4999999999999991
Celluloid Dreams,37.999999999999993,38.999999999999993,5.9000000000000004
Warner Bros. Digital Distribution,78.0,82.000000000000014,6.9999999999999991
Lakeshore Entertainment,26.196742021111444,53.899347414216528,6.1496824818362121
Cattleya,64.999999999999986,77.000000000000014,6.9000000000000004
Gulfstream Pictures,10.000000000000002,44.999999999999993,5.7999999999999998
Davis-Panzer Productions,11.000000000000002,38.999999999999993,4.5
Charlie Guidance,61.000000000000007,43.999999999999993,6.0
Barmak Film,95.999999999999986,87.0,7.4000000000000012
Walt Disney Animation Studios,87.178237499548402,81.357965395217718,7.5309431055362293
Samuels Media,90.0,69.000000000000014,7.3000000000000007
Capstone Entertainment Group,72.999999999999986,54.000000000000007,5.2000000000000002
Sixteen Films,88.000000000000028,87.0,7.4999999999999991
3Mark Entertainment,29.000000000000004,72.999999999999986,6.4999999999999991
Arcade Pictures,48.999999999999993,40.0,5.4000000000000004
Jet Tone Films,85.000000000000014,85.000000000000014,7.4999999999999991
Hostel LLC,61.000000000000007,54.000000000000007,5.7999999999999998
MFF Feature Film Productions,27.999999999999996,27.0,4.9000000000000004
MovieRoom Productions,4.9999999999999991,51.0,5.0999999999999996
Alliance Films,33.748911469972761,51.305017096457057,5.7681360176240792
Barbarian Films,52.000000000000007,54.000000000000007,6.7000000000000011
Independent Pictures (II),87.0,88.999999999999986,7.4000000000000012
Società Italiana Cines,88.000000000000028,72.999999999999986,6.5999999999999988
2.4.7. Films,95.999999999999986,92.000000000000014,7.9999999999999982
Immortal Thoughts,85.999999999999972,72.999999999999986,6.0999999999999996
Jasmine Productions Inc.,79.044291381478004,79.485847796950637,7.1484264002646052
Anonymous Content,66.468037431535464,68.644009206922036,6.9971422738143598
Westerly Films,74.999999999999972,40.0,5.7999999999999998
Capcom Entertainment,12.0,18.999999999999996,3.7000000000000006
NPV Entertainment,27.999999999999996,46.999999999999993,5.9000000000000004
Room 9 Entertainment,85.999999999999972,87.0,7.5999999999999979
Ixtlan,67.749538743817297,64.652919500978427,6.8934751758456345
120dB Films,46.0,44.999999999999993,6.2999999999999989
Allied Stars Ltd.,13.999999999999996,42.000000000000007,4.9999999999999991
Boll Kino Beteiligungs GmbH & Co. KG,4.0,18.761663039293722,3.2619012860600178
Bruin Grip Services,74.999999999999972,64.999999999999986,6.8000000000000007
Emmett/Furla Films,0.0,42.315090547704777,5.9891470474064104
Contrafilm,6.0,49.999999999999993,4.7999999999999998
Carmel Entertainment,13.0,85.999999999999972,6.5999999999999988
3 Art Entertainment,42.682719653880739,51.212492882458243,6.285681768820373
Reprisal Films,95.0,81.000000000000028,7.3000000000000007
Werc Werk Works,69.000000000000014,46.999999999999993,6.4999999999999991
Franchise Pictures,0.0,39.093029736284812,5.39733111167451
Young Hannibal Productions,15.0,56.000000000000021,6.2000000000000011
Revolution Studios,17.958212508025582,43.738337276020609,5.2338766003971111
Green/Renzi,72.0,69.000000000000014,7.1000000000000005
Be Gentlemen Limited Partnership,97.0,94.0,8.1999999999999993
ASQA Film Partnership,59.000000000000014,33.0,6.0
Jack Rollins & Charles H. Joffe Productions,93.808315196468627,82.613558209291512,7.4417739820556248
Icon Entertainment International,64.444456764999828,78.984813759783364,7.5809327934871238
Blue Tulip Productions,3.0000000000000004,15.999999999999998,3.5999999999999996
Brandywine Productions,71.700767080973435,62.080592780675026,7.3177865505902799
Cinergi Pictures Entertainment,0.0,44.379101222165048,5.9330897361413149
Merchant Ivory Productions,69.641941385920603,67.082039324993701,7.2753006810715393
Intermedia Films,62.999999999999993,78.0,6.8000000000000007
Alliance Atlantis Communications,55.82858632416179,67.889001343711044,6.7408841672348121
Casey Silver Productions,63.999999999999979,59.999999999999986,6.5999999999999988
Jagtoria Films,55.000000000000014,72.999999999999986,6.9999999999999991
Portman Entertainment Group,62.999999999999993,83.999999999999986,6.9000000000000004
Perdido Productions,90.999999999999972,77.000000000000014,7.3000000000000007
Reliance Big Pictures,83.999999999999986,83.999999999999986,7.5999999999999979
HanWay Films,57.000000000000007,74.000000000000028,7.1000000000000005
Zentropa Entertainments,64.673231817728336,77.041693280113776,7.4907738402359083
Mercy Creek Entertainment,24.999999999999996,74.000000000000028,6.0999999999999996
Rainforest Films,26.000000000000004,82.000000000000014,5.0999999999999996
Muse Productions,64.999999999999986,38.999999999999993,5.2999999999999998
Trilogy Entertainment Group,37.999999999999993,63.999999999999979,5.0999999999999996
Mockingbird Pictures,56.000000000000021,48.000000000000007,6.7000000000000011
Hyde Park Entertainment,17.999999999999996,17.999999999999996,3.7000000000000006
Marvel Studios,83.037504364045091,86.73854134961303,7.9020190882301957
Yash Raj Films,66.999999999999972,72.0,5.4000000000000004
Fragmighty,52.000000000000007,85.000000000000014,7.1000000000000005
Truth Entertainment (II),93.000000000000028,90.999999999999972,7.9999999999999982
Punch 21 Productions,11.000000000000002,51.0,5.2999999999999998
Chromewood Productions,48.000000000000007,52.000000000000007,6.0
Broken Road Productions,21.0,48.999999999999993,6.2999999999999989
Chaos Productions,52.000000000000007,40.0,7.3000000000000007
Bryna Productions,95.999999999999986,87.0,7.9999999999999982
Albino Alligator Productions,43.999999999999993,42.000000000000007,6.0999999999999996
Cima Productions,44.999999999999993,72.999999999999986,5.4000000000000004
A Hot Dog,59.000000000000014,40.0,5.5999999999999996
"Bureau, The",95.0,85.999999999999972,7.7000000000000002
98 MPH Productions,83.000000000000028,69.000000000000014,6.9999999999999991
Hughes Entertainment,54.000000000000007,79.0,7.4000000000000012
BlackWhite,38.999999999999993,30.000000000000004,8.4000000000000004
Corsan,52.000000000000007,64.999999999999986,7.1000000000000005
Robert Simonds Productions,31.859064644147981,75.835347958587249,6.3403469936589429
Alphaville Films,57.999999999999986,53.000000000000007,6.5999999999999988
Kaltenbach Pictures,31.0,72.999999999999986,6.4000000000000004
C.O.R.E. Feature Animation,19.999999999999996,36.0,5.4000000000000004
David Kirschner Productions,72.999999999999986,79.0,7.3000000000000007
Groundswell Productions,53.366656256505344,56.497787567302126,6.9649120597463385
Hearst Entertainment Productions,21.0,74.000000000000028,5.5
Forward Pass,87.0,79.0,7.4999999999999991
BTC Productions KG,3.0000000000000004,43.0,4.9999999999999991
GNK Productions,71.0,55.000000000000014,6.2000000000000011
Cinetel Films,34.000000000000007,48.000000000000007,6.2999999999999989
CD2 Films,13.999999999999996,37.999999999999993,4.2000000000000002
This Is That Productions,75.894663844041119,58.651513194460698,6.7838042424586522
Callahan Filmworks,29.000000000000004,48.999999999999993,6.4999999999999991
International Film Investors,87.0,93.000000000000028,8.1000000000000014
Pathé Pictures International,77.393220967484083,66.748444090222591,7.2057567129035869
T-Series,11.000000000000002,15.999999999999998,4.0999999999999996
Handmade International,88.000000000000028,68.000000000000014,6.9000000000000004
Warner Bros. Family Entertainment,34.999999999999993,62.999999999999993,6.2000000000000011
Maven Pictures,48.000000000000007,52.000000000000007,4.0999999999999996
DreamWorks SKG,0.0,62.244368085570713,6.7167119229601608
Bull's Eye Entertainment,74.000000000000028,83.000000000000028,7.5999999999999979
Filmways Pictures,83.999999999999986,74.999999999999972,7.1000000000000005
"Harvey Boys, The",57.999999999999986,55.000000000000014,6.2000000000000011
Plunge Pictures LLC,72.0,32.0,5.7000000000000011
Cheyenne Enterprises,44.497190922573978,57.965506984757781,6.4482555780614028
Bórd Scannán na hÉireann,97.0,90.999999999999972,7.9999999999999982
Peters Entertainment,28.26658805020514,42.661458015403063,5.5425625842204074
Kumbaya Productions Inc.,12.0,49.999999999999993,5.2999999999999998
Avrora Media,55.000000000000014,55.000000000000014,5.7000000000000011
Ada Films,83.000000000000028,65.999999999999972,6.7000000000000011
Emerald Pictures,59.999999999999986,59.999999999999986,6.9999999999999991
The UK Film & TV Production Company PLC,82.000000000000014,85.999999999999972,7.3000000000000007
Barclays Mercantile Industrial Finance,94.0,83.000000000000028,7.4999999999999991
Mosaic Media Group,79.0,74.000000000000028,7.3000000000000007
Brick Mansions Productions Inc,26.000000000000004,48.999999999999993,5.7000000000000011
Cannon International,33.0,76.0,6.8000000000000007
Baumgarten-Prophet Entertainment,18.999999999999996,63.999999999999979,5.7000000000000011
Warner Bros.,43.492270196026283,58.682758627967992,6.4899479975454035
SnowPiercer,95.0,77.000000000000014,6.9999999999999991
Braveworld Productions,61.000000000000007,61.000000000000007,6.5999999999999988
New Oz Productions,53.000000000000007,66.999999999999972,6.2999999999999989
Paramount Vantage,61.456978031168305,66.489830446808625,7.1324021162970084
Virtual Films,36.999999999999993,43.999999999999993,6.2999999999999989
Cradle Productions Inc.,63.999999999999979,72.0,6.9000000000000004
Michael White Productions,97.0,95.0,8.4000000000000004
Spyglass Entertainment,43.488909819230614,58.100888615966099,6.4725185140899555
Sunset Gower Studios,33.0,34.000000000000007,6.0999999999999996
Jonathan Krane Group,26.000000000000004,59.999999999999986,6.4999999999999991
Allied Filmmakers,15.999999999999998,29.000000000000004,4.0
EuropaCorp,41.737756040379175,59.70392730816237,6.5649172451849216
Capella International,54.863466897380832,38.249182997810557,5.3572380943915494
Samuel Goldwyn Films,58.925310064815541,73.057314093792314,6.9568777557833084
Marlboro Road Gang Productions,70.000000000000028,54.000000000000007,6.2999999999999989
Tim Burton Productions,52.000000000000007,53.000000000000007,6.2999999999999989
GreeneStreet Films,12.0,55.000000000000014,5.9000000000000004
American Entertainment Partners II L.P.,97.0,81.000000000000028,7.3000000000000007
Sneak Preview Productions,13.999999999999996,51.0,4.9000000000000004
Lightning Entertainment,78.0,40.0,5.7999999999999998
Wild Bunch,98.000000000000043,88.000000000000028,7.9000000000000021
Big City Pictures,22.000000000000004,48.999999999999993,5.7000000000000011
BrownHouse Productions,24.999999999999996,59.999999999999986,5.5999999999999996
Daly-Harris Productions,71.0,71.0,6.9999999999999991
Five Minutes Before the Miracle,31.0,65.999999999999972,6.0
Cort/Madden Productions,53.000000000000007,59.000000000000014,6.0999999999999996
Teeth,79.0,44.999999999999993,5.5
ContentFilm,77.000000000000014,70.000000000000028,6.9999999999999991
Condor Films,83.000000000000028,82.000000000000014,7.3000000000000007
Ambridge Film Partnership,9.0000000000000018,32.0,4.9000000000000004
Orion Pictures,30.517471543744186,45.47617715586,5.9547773725883051
Main Street Movie Company,59.581876439064906,75.676944970050144,6.8934751758456345
Lew Grade,69.000000000000014,66.999999999999972,6.9999999999999991
Green Park Films,83.000000000000028,59.000000000000014,6.4000000000000004
Regency Enterprises,24.152255121991939,53.857139148032076,5.740476164884428
Blue Wolf,40.4103947023535,74.993333037010743,6.6992536897776898
Olympus Pictures,77.324876866301196,73.629509275943533,7.1655764220980487
Miramax Films,52.973515351766771,61.68747378187286,6.6290080535602813
David W. Griffith Corp.,100.00000000000004,57.000000000000007,6.9000000000000004
Vnesheconombank,0.0,29.000000000000004,4.4000000000000004
Rogue,25.01865274620782,40.409950821392208,5.773651790747043
Apatow Productions,61.846584384264908,53.385391260156545,6.4451532177288078
China Film Co-Production Corporation,17.999999999999996,44.999999999999993,4.5
Happy Madison Productions,23.0,43.0,5.7000000000000011
Cent Productions Inc.,15.999999999999998,70.000000000000028,4.7999999999999998
Redwave Films,95.0,79.0,7.2000000000000002
Fox Searchlight Pictures,59.645735441437232,67.360336769998781,6.7032962971249077
Cracking the Earth Films Inc.,87.0,82.000000000000014,7.8000000000000016
Big Beach Films,74.999999999999972,57.000000000000007,6.7000000000000011
Fear and Loathing LLC,49.999999999999993,90.0,7.7000000000000002
Plum Pictures,57.999999999999986,57.999999999999986,6.7000000000000011
"Feature Film Project, The",59.999999999999986,59.999999999999986,5.7999999999999998
Kopelson Entertainment,36.0,38.999999999999993,6.0
Fox 2000 Pictures,38.312881058665482,59.226596905957734,6.1572379517879279
Winkler Films,46.999999999999993,88.999999999999986,7.4999999999999991
IMF Internationale Medien und Film GmbH & Co. 2. Produktions KG,59.724366886556425,73.993242934743691,7.2484481097680487
Hero Entertainment,54.000000000000007,40.0,6.2000000000000011
Artfire Films,62.000000000000007,41.000000000000007,5.7999999999999998
Price Entertainment,95.999999999999986,88.999999999999986,7.4999999999999991
Whitewater Films,90.0,81.000000000000028,7.3000000000000007
Edmonds Entertainment Group (EEG),36.986484017813858,79.899937421752711,6.1449165982948877
Atlantic Streamline,6.9999999999999991,49.999999999999993,4.5
John Wells Productions,18.999999999999996,24.041630560342618,4.8908077042549927
Forest Whitaker's Significant Productions,93.000000000000028,87.0,7.4999999999999991
Largo International N.V.,90.999999999999972,90.999999999999972,7.7000000000000002
Village Roadshow Pictures,29.949958263743884,52.820450584977024,6.4451532177288078
Polygram Filmed Entertainment,55.664489956658393,70.618213422860848,6.404400650309916
2929 Productions,46.472755459090273,40.484117127212421,6.3743767172259691
Michaels-Goldwyn,54.845236803208337,43.634848458542869,5.739337940912697
Armian Pictures,85.000000000000014,62.000000000000007,6.7000000000000011
Universal Pictures,0.0,58.460868939187556,6.484315570198393
Bobby Jones Films LLC,26.000000000000004,62.999999999999993,6.5999999999999988
Menageatroz,63.999999999999979,74.999999999999972,7.4999999999999991
Rhombus Media,53.272882407468792,52.211109928826438,6.3450768316861215
RCR Media Group,24.999999999999996,34.000000000000007,5.7999999999999998
Funny Boy Films,43.0,79.0,7.3000000000000007
Fifth Quarter,49.999999999999993,62.999999999999993,5.7000000000000011
Open Road Films (II),36.120057807632215,49.068951806930279,6.2362794613232673
InDigEnt (Independent Digital Entertainment),59.999999999999986,57.000000000000007,6.5999999999999988
Inosan productions,97.0,81.000000000000028,7.3000000000000007
Filmfabriken Baltic Sea AB,87.0,81.000000000000028,7.3000000000000007
Digital Interference Productions,49.999999999999993,48.000000000000007,6.0999999999999996
PolyGram Filmed Entertainment,82.165694633285398,85.264641833174835,7.797916464159437
Legendary Pictures,27.999999999999996,43.999999999999993,6.2000000000000011
Flan de Coco Films,81.000000000000028,59.000000000000014,6.4999999999999991
Fuzzy Bunny Films (I),13.999999999999996,38.999999999999993,3.2000000000000002
Helicon Arts Cooperative,83.000000000000028,83.000000000000028,5.4000000000000004
Blue Askew,64.999999999999986,66.999999999999972,6.7000000000000011
Studio 37,98.000000000000043,88.000000000000028,7.9999999999999982
Nu Image Films,77.000000000000014,74.999999999999972,5.2000000000000002
Guerilla High Productions,59.999999999999986,66.999999999999972,6.5999999999999988
Chartoff-Winkler Productions,66.999999999999972,59.999999999999986,6.7000000000000011
Jerry Bruckheimer Films,31.252372817733651,59.039107021273317,6.0974871141092706
Scott Free Productions,79.999999999999972,53.000000000000007,6.2999999999999989
United Artists Film Corporation,77.000000000000014,74.999999999999972,7.3000000000000007
Huka Productions,78.0,72.999999999999986,7.1000000000000005
Incentive Filmed Entertainment,39.287163740303399,43.322969250533689,5.635027053552589
Silent Hill DCP Inc.,29.000000000000004,62.999999999999993,6.5999999999999988
Twentieth Century Fox Animation,57.544458616553385,63.675356295326232,6.7266701839538161
DENTSU Music And Entertainment,87.0,82.000000000000014,7.4999999999999991
Hairy Productions (II),43.0,66.999999999999972,6.0999999999999996
Overture Films,72.963140154030825,64.105209037251683,6.9215903246594594
TriStar Pictures,41.851290171760823,65.069167166731532,6.3658617809798796
Desilu Productions,6.0,52.000000000000007,7.1000000000000005
Artists Public Domain,62.999999999999993,65.999999999999972,6.9999999999999991
Audley Films,79.999999999999972,74.999999999999972,7.2000000000000002
Tribeca Productions,4.0,34.000000000000007,5.0999999999999996
Cineric,44.999999999999993,43.0,6.0
Screen Gems,20.995339660687335,49.731297408837342,5.60021399904526
Andale Pictures,57.999999999999986,43.999999999999993,6.0
Blackened Recordings,78.0,74.999999999999972,7.3000000000000007
Faliro House Productions,98.000000000000043,82.000000000000014,7.9999999999999982
Pelican Productions LLC (I),0.0,34.000000000000007,5.2999999999999998
Les Films du Losange,93.000000000000028,82.000000000000014,7.8000000000000016
Ben-Ami/Leeds Productions,17.0,38.999999999999993,4.0999999999999996
Astron-6,24.999999999999996,24.999999999999996,5.7999999999999998
360 Pictures,2.0,59.000000000000014,2.0
Klasky-Csupo,49.183330509431762,43.588989435406738,5.6480084985771759
Sienna Films,64.999999999999986,49.999999999999993,3.1000000000000001
Cecchi Gori Pictures,79.0,95.0,8.6999999999999975
Epithète Films,74.000000000000028,74.000000000000028,7.2000000000000002
Silver Pictures,40.0,66.999999999999972,6.4000000000000004
Rimfire Films,88.999999999999986,57.999999999999986,6.4999999999999991
New Sky Communications Inc.,66.999999999999972,68.000000000000014,6.7000000000000011
Pin Hole Productions LLC,69.000000000000014,46.0,6.2000000000000011
Cinema Line Film Corporation,37.999999999999993,24.000000000000004,4.5999999999999996
Arthur Cohn Productions,66.999999999999972,59.000000000000014,6.9000000000000004
Alan Jay Lerner Productions,21.0,69.000000000000014,6.7000000000000011
American Desi Productions,42.000000000000007,72.999999999999986,6.7000000000000011
Artisan Entertainment,50.971647016304892,55.171069631883036,6.3800588809668879
Plan B Entertainment,48.218253804964768,49.638694583963442,6.2000000000000011
Golden Harvest Company,0.0,45.963423981067976,4.5834312559427701
"Mirisch Corporation, The",93.665477597622541,90.249513378437868,7.9933277700488432
Curmudgeon Films,48.000000000000007,72.0,7.4000000000000012
Playtone,53.000000000000007,46.0,6.4999999999999991
Cineplex-Odeon Films,79.999999999999972,81.000000000000028,7.2000000000000002
Saturn Films,81.000000000000028,74.000000000000028,6.9000000000000004
Rollins-Joffe Productions,98.9949493661167,87.326971778483184,7.7369244535538817
Hart-Sharp Entertainment,57.103127145033973,59.610439142569362,6.7600599880301582
"Weinstein Company, The",41.78221503916545,58.195815223282231,6.4682927820907183
Killer Films,92.000000000000014,93.000000000000028,7.8000000000000016
Chockstone Pictures,59.999999999999986,19.999999999999996,5.9000000000000004
Interscope Communications,64.946131524518094,51.303021353522645,5.9481089431852201
Anarchist's Convention Films,70.427267446636051,55.479726026720819,6.2161081071680222
26 Films,9.0000000000000018,43.999999999999993,5.9000000000000004
Proscenium Films,98.999999999999986,90.0,7.7000000000000002
Cannon Pictures,27.0,36.0,5.4000000000000004
The Family Stone,51.0,62.999999999999993,6.2999999999999989
"Mirisch Company, The",93.000000000000028,95.0,8.3000000000000007
Yari Film Group (YFG),64.999999999999986,57.999999999999986,5.5999999999999996
Vanguard Animation,32.465366161495858,31.464265445104548,5.0754310161798086
"Mirisch Production Company, The",81.000000000000028,93.000000000000028,7.9999999999999982
GraceWorks Pictures,34.999999999999993,82.000000000000014,6.2999999999999989
The Ultimate Gift LLC,32.0,85.000000000000014,7.4000000000000012
40 Acres & A Mule Filmworks,58.846395461286441,69.973205784240193,6.5727402697800406
Mandalay Entertainment,39.267366454430949,56.405817571685901,6.3216380778436241
Underclassman Films Ltd.,6.0,34.999999999999993,3.8999999999999995
Submarine Entertainment,48.000000000000007,24.000000000000004,4.7000000000000002
Di Bonaventura Pictures,34.641016151377549,56.444663166680371,6.4992307237087674
Tax Credit Finance,12.0,27.0,5.9000000000000004
Marv Films,69.742383096650727,77.942286340599509,7.5458597919653938
Jim Henson Pictures,62.999999999999993,59.000000000000014,6.2000000000000011
July Street Entertainment,66.999999999999972,66.999999999999972,3.5
Bell Broadcast and New Media Fund,36.0,57.000000000000007,6.5999999999999988
Soandbrad,74.000000000000028,54.000000000000007,6.4000000000000004
Filmax International,90.999999999999972,64.999999999999986,6.7000000000000011
Antena 3 Films,11.000000000000002,55.000000000000014,5.9000000000000004
Image Ten,95.999999999999986,88.000000000000028,7.9999999999999982
State Street Pictures,63.999999999999979,70.000000000000028,5.9000000000000004
Closest to the Hole Productions,90.999999999999972,88.999999999999986,7.9000000000000021
Enticing Entertainment,46.0,76.0,7.1000000000000005
New Song Pictures,33.0,82.000000000000014,7.2000000000000002
Atlas Entertainment,16.99994911436546,39.950180440187921,5.0502695962212005
Rogue Pictures,33.729225920535946,41.578267517039286,5.4484810550643292
Cookout Productions,4.9999999999999991,36.999999999999993,3.5
Lee Daniels Entertainment,85.000000000000014,66.999999999999972,7.1000000000000005
Red Bank Films,21.0,34.000000000000007,4.5
Caribou Pictures,79.999999999999972,72.999999999999986,6.7000000000000011
"Directors Company, The",98.000000000000043,90.0,7.9999999999999982
"Poker House, The",79.999999999999972,69.000000000000014,6.5999999999999988
Headquarters,79.999999999999972,52.000000000000007,6.4000000000000004
Paramount Classics,60.794736614282655,67.483331275211924,6.6932802122726045
Zanuck/Brown Productions,98.000000000000043,90.0,8.1000000000000014
Overnight Films,72.0,63.999999999999979,6.7000000000000011
Pathé Pictures,66.999999999999972,72.0,7.1000000000000005
A Lucky Old Sun Production,90.999999999999972,79.999999999999972,7.3000000000000007
Vendome Pictures,92.000000000000014,81.000000000000028,7.4999999999999991
Grindstone Entertainment Group,57.999999999999986,49.999999999999993,6.4000000000000004
Fade to Black Productions,85.000000000000014,81.000000000000028,7.5999999999999979
Am Psycho Productions,66.999999999999972,85.000000000000014,7.5999999999999979
Canal+,46.967138046410732,60.351892175741355,6.7389392352238415
Craven-Maddalena Films,49.999999999999993,57.999999999999986,6.4000000000000004
"Zanuck Company, The",81.000000000000028,82.000000000000014,7.4000000000000012
Lago Film,55.000000000000014,43.0,6.4000000000000004
Baltimore Spring Creek Productions,48.000000000000007,78.0,6.2999999999999989
Chicago Pacific Entertainment,15.999999999999998,27.0,5.5
Ariane Mararía Films,74.999999999999972,62.999999999999993,6.5999999999999988
New Line Cinema,37.022191012821125,56.527110065807491,6.1984934519832802
Exclusive Media Group,75.104447069200475,77.578152173040039,7.4314343360787829
"Bubble Factory, The",3.0000000000000004,36.999999999999993,4.2999999999999998
Pop Pop Productions,79.999999999999972,90.0,7.4999999999999991
Cheap and Dirty Productions Inc.,0.0,71.0,6.8000000000000007
Eikon Film,43.999999999999993,74.999999999999972,6.7000000000000011
Danjaq,58.085192209970337,55.74786471154674,6.5931590378715397
ErgoArts,74.000000000000028,78.0,7.2000000000000002
Gaumont,55.761528446322487,55.462437045214692,6.3468250397909509
Fine Line Features,66.999999999999972,69.000000000000014,6.4999999999999991
Award Entertainment,79.999999999999972,63.999999999999979,6.7000000000000011
Joseph E. Levine Productions,72.999999999999986,87.0,7.4000000000000012
Lost Soul Productions,4.0,27.0,3.7999999999999998
Fairway Films,62.999999999999993,83.000000000000028,7.4999999999999991
Haxan Films,87.0,55.000000000000014,6.4000000000000004
Woodfall Film Productions,77.000000000000014,51.0,6.0
Flying Heart Films,26.000000000000004,32.0,4.5999999999999996
Best Little Boy Productions,17.0,40.0,5.7000000000000011
Aldamisa Entertainment,44.999999999999993,59.999999999999986,7.1000000000000005
Ameena Sky Media,78.0,78.0,6.7000000000000011
OLC / Rights Entertainment,82.000000000000014,90.0,7.9000000000000021
Dharma Productions,69.282032302755098,74.672618810377898,6.884765791223403
Gramercy Pictures (I),75.728021376859061,68.733693102149445,7.0424092133090586
See-Saw Films,79.0,74.999999999999972,7.3000000000000007
Guys Upstairs,48.999999999999993,77.000000000000014,6.9999999999999991
Krisjair,24.000000000000004,65.999999999999972,5.9000000000000004
Thorn EMI Screen Entertainment,66.999999999999972,79.999999999999972,7.2000000000000002
Broken Lizard Industries,29.000000000000004,43.999999999999993,5.5999999999999996
Blue Sky Studios,36.999999999999993,62.999999999999993,6.7000000000000011
Falcon International Productions,79.999999999999972,94.0,8.3000000000000007
Mandalay Sports Entertainment,15.999999999999998,81.000000000000028,5.2000000000000002
River Road Entertainment,29.949958263743884,27.748873851023209,6.6992536897776898
CDI,37.999999999999993,68.000000000000014,6.2000000000000011
Sony Pictures Classics,69.94386107369202,72.577540649566004,7.1957524155731116
Spierigfilm,32.0,43.999999999999993,5.5999999999999996
Sidney Kimmel Entertainment,45.112096856447288,49.836450675037725,6.8834682539755008
Rickshaw Productions,36.0,40.0,5.2999999999999998
Bavaria Film,71.386273190298994,74.619032424710468,7.3756355658343109
Reliance Entertainment,4.9999999999999991,36.0,5.5999999999999996
Warp X,61.024585209569437,36.986484017813872,5.7236352085016744
Serendipity Point Films,55.470149137413507,58.505181700724563,6.5768177353197581
CineWild,3.0000000000000004,52.000000000000007,5.5999999999999996
Facilitator Films,55.000000000000014,82.000000000000014,6.0999999999999996
Cinépix Film Properties (CFP),78.0,88.000000000000028,7.4999999999999991
Silver Sphere Corporation,79.0,79.0,7.2000000000000002
October Films,64.093681435848282,48.083261120685243,6.0794736614282643
Leonard Freeman Production,92.000000000000014,72.999999999999986,6.9999999999999991
Likely Story,65.999999999999972,49.999999999999993,5.9000000000000004
LivePlanet,58.520094394786177,66.812724218630834,6.6988488406152085
Summit Entertainment,39.005548800604011,56.075542954277182,6.2399657281999836
Fox Atomic,19.606892862440905,38.501662071452778,5.5404173617763357
Picturehouse,31.84336665618132,50.159744815937827,5.729746940310716
Brillstein-Grey Entertainment,25.099800796022269,38.522720568516448,5.3962950252928161
Manchester Pictures,17.0,83.999999999999986,6.8000000000000007
Oscilloscope Laboratories,90.0,74.999999999999972,7.2000000000000002
USA Films,85.999999999999972,78.0,7.3000000000000007
Pixar Animation Studios,72.729115688411952,73.562380499768267,8.0847702992795654
Marvel Enterprises,48.836461788299133,49.477267507411931,6.1481704595757591
Stratus Film Co.,54.405882034941797,63.968742366877869,6.6483080554378642
View Askew Productions,66.999999999999972,85.000000000000014,7.4000000000000012
Cannon Films,22.449944320643649,26.532998322843195,4.4497190922573973
Dovemead Films,59.926019931091595,53.693739582072482,6.2706453281775687
Blue Lion Entertainment,95.999999999999986,90.999999999999972,7.9000000000000021
Electric Entertainment,33.0,66.999999999999972,6.5999999999999988
Every Tribe Entertainment,40.0,82.000000000000014,6.9000000000000004
Casual Friday Productions,88.000000000000028,57.000000000000007,6.0999999999999996
Outlaw Productions (I),23.0,63.999999999999979,2.8999999999999999
Pacific Western,40.792156108742283,43.89760813529594,6.1449165982948877
Mandalay Vision,21.0,24.000000000000004,5.2999999999999998
Alive Films,83.000000000000028,79.0,7.3000000000000007
Shapiro Entertainment,43.0,43.999999999999993,5.4000000000000004
Don Simpson/Jerry Bruckheimer Films,40.951190458886543,68.978257443922146,6.2801273872430325
IFC Films,81.000000000000028,85.000000000000014,7.4000000000000012
19 Entertainment,10.000000000000002,37.999999999999993,2.1000000000000001
Automatik Entertainment,16.582688683699402,53.227219568118215,5.2901680782023046
Tiny Ponies,78.0,55.000000000000014,6.2999999999999989
Kasdan Pictures,32.0,63.999999999999979,6.0
Entertainment Manufacturing Company,61.000000000000007,85.000000000000014,7.5999999999999979
Gary Sanchez Productions,26.381811916545843,34.770677301427419,4.6989360497882915
Cheerleader LLC,34.000000000000007,74.999999999999972,6.4999999999999991
Constantin Film International,31.0,51.0,5.2999999999999998
Trimark Pictures,57.271284253105428,62.928530890209103,7.1993055220625282
Touchstone Pictures,43.927374865267289,61.347929963021208,6.4692923817801278
CinemaNX,85.000000000000014,61.000000000000007,6.8000000000000007
Kuzui Enterprises,46.999999999999993,66.999999999999972,6.2000000000000011
Hopscotch Features,4.0,40.0,5.2000000000000002
Pathé,61.782100156292749,58.715183838053846,6.7939970089672421
Lucky Punch,36.0,65.999999999999972,6.5999999999999988
Mystery Clock Cinema,74.000000000000028,85.000000000000014,7.8000000000000016
Bedford Falls Productions,92.000000000000014,85.000000000000014,7.7000000000000002
Paragon Arts International,49.999999999999993,43.0,5.7000000000000011
DNA Films,77.532424846784394,75.046969192807836,7.2717970104494176
American Empirical Pictures,88.999999999999986,90.999999999999972,7.8000000000000016
Mutual Appreciation LLC,88.000000000000028,71.0,6.9000000000000004
Brownstone Productions (III),81.000000000000028,83.000000000000028,7.3000000000000007
Davis-Films,4.9999999999999991,36.0,4.9999999999999991
Future Films,79.0,72.0,7.1000000000000005
Last Holiday Productions,54.000000000000007,66.999999999999972,6.2999999999999989
Bona Fide Productions,70.334723411402663,73.664662376167826,6.8234484614210418
Poultry Productions LLC,62.000000000000007,65.999999999999972,6.2000000000000011
Mediaset España,81.000000000000028,85.000000000000014,7.5999999999999979
Leatherface Productions,18.999999999999996,42.000000000000007,4.7999999999999998
Blumhouse Productions,57.999999999999986,62.000000000000007,6.7000000000000011
Double Feature Films,17.0,51.0,4.0999999999999996
Norman Twain Productions,90.999999999999972,70.000000000000028,6.9000000000000004
57th & Irving Productions,34.999999999999993,22.000000000000004,5.4000000000000004
Minds Eye Entertainment,17.0,44.999999999999993,4.9999999999999991
Midwinter Productions Inc.,43.999999999999993,46.0,5.2999999999999998
Hollywood Pictures,39.496841809241424,59.978157955046584,6.3932906631415438
Bungalow Productions,11.000000000000002,24.999999999999996,4.7999999999999998
Azoff Entertainment,83.000000000000028,87.0,7.4999999999999991
Les Films du Loup,85.999999999999972,74.999999999999972,6.4999999999999991
Bellwether Pictures,90.999999999999972,87.0,7.3000000000000007
Rysher Entertainment,49.999999999999993,70.000000000000028,6.9000000000000004
Prettybird,24.000000000000004,15.999999999999998,3.8999999999999995
Jumbo Pictures,26.000000000000004,30.000000000000004,4.9999999999999991
H.B. Halicki Mercantile Co.,24.000000000000004,77.000000000000014,6.4999999999999991
Hammerhead Productions,10.000000000000002,15.999999999999998,4.7000000000000002
Embassy International Pictures,98.000000000000043,90.0,7.9999999999999982
Crunk Pictures,82.000000000000014,82.000000000000014,7.4000000000000012
Brothers McMullen Productions,90.999999999999972,59.999999999999986,6.5999999999999988
World of Wonder,29.000000000000004,76.0,6.2999999999999989
Stone Group Pictures,20.149441679609883,51.84592558726289,5.5443665102516446
Emperor Multimedia Group (EMG),17.999999999999996,27.0,4.9999999999999991
"Carousel Picture Company, The",10.000000000000002,24.999999999999996,4.0999999999999996
First Light Production,59.999999999999986,52.000000000000007,6.5999999999999988
Walt Disney Television Animation,61.000000000000007,55.000000000000014,6.4999999999999991
Code Entertainment,29.000000000000004,46.0,5.5999999999999996
Abandon Entertainment,15.999999999999998,30.000000000000004,5.4000000000000004
Arts Council of England,78.585881514480505,65.269887518660795,7.0027585733289825
Palo Vista Productions,83.999999999999986,87.0,7.4999999999999991
Cross Creek Pictures,74.899933244296008,63.364027649763528,6.8410525505948288
Largo Entertainment,43.0,34.999999999999993,5.7999999999999998
Calimari Productions,29.000000000000004,43.0,6.0
Ghoulardi Film Company,83.999999999999986,90.0,7.9999999999999982
Plaudit Productions,24.999999999999996,34.999999999999993,6.0
WIP,74.000000000000028,85.000000000000014,7.4999999999999991
Vertigo Films,71.0,52.000000000000007,6.4000000000000004
Discovery Films,100.00000000000004,87.0,7.9000000000000021
Code Productions,7.9999999999999982,30.000000000000004,3.3999999999999999
Bergman Lustig Productions,79.999999999999972,85.999999999999972,7.4999999999999991
Bluegrass Films,22.248595461286989,50.793700396801178,6.2497999967998981
Carolco Pictures,44.396331450670857,53.081060443940899,6.0609402684340479
Seed Productions,13.999999999999996,31.0,6.0
Clinica Estetico,94.0,74.000000000000028,7.1000000000000005
Caruso / Mendelsohn Productions,76.0,30.000000000000004,5.2000000000000002
Ziehl & Zal,66.999999999999972,66.999999999999972,6.5999999999999988
Palace Pictures,100.00000000000004,78.0,7.3000000000000007
Fade In Films,62.999999999999993,66.999999999999972,6.5999999999999988
Forensic Films,40.0,44.999999999999993,5.5
"Film Department, The",24.999999999999996,74.999999999999972,7.4000000000000012
Instinctive Film,26.000000000000004,36.999999999999993,5.7999999999999998
R.P. Productions,78.192816847502002,75.087896948111663,7.5369729891232407
Mulberry Square Productions,85.999999999999972,55.000000000000014,6.0
Turner Pictures (I),7.9999999999999982,63.999999999999979,6.2999999999999989
Canal+ España,92.000000000000014,88.999999999999986,7.5999999999999979
Suzanne DeLaurentiis Productions,18.999999999999996,52.000000000000007,6.4999999999999991
UK Film Council,87.0,85.999999999999972,7.4999999999999991
Partition Films Inc.,37.999999999999993,72.999999999999986,6.9999999999999991
34th Street Films,34.999999999999993,49.999999999999993,5.0999999999999996
George Street Pictures,9.0000000000000018,27.999999999999996,4.9999999999999991
Crossroads Films,6.9999999999999991,54.000000000000007,5.2999999999999998
CIP Filmproduktion GmbH,83.000000000000028,59.999999999999986,6.5999999999999988
Catch 22 Entertainment,82.000000000000014,83.000000000000028,7.4000000000000012
Ruckus Films,37.999999999999993,63.999999999999979,6.0
Cinereach,85.999999999999972,76.0,7.3000000000000007
BenderSpink,33.0,81.000000000000028,7.7000000000000002
First Cold Press Productions,77.000000000000014,72.999999999999986,7.3000000000000007
Just One Productions,83.999999999999986,83.999999999999986,7.5999999999999979
Newmarket Capital Group,92.000000000000014,94.0,8.5
American International Pictures (AIP),7.9999999999999982,13.0,4.9000000000000004
Coram Deo Studios,49.999999999999993,81.000000000000028,5.9000000000000004
Good Films,33.0,32.0,6.2000000000000011
Chernin Entertainment,90.0,90.999999999999972,8.1000000000000014
Cruise/Wagner Productions,80.975304877474812,83.707825201709781,7.39729680356277
Appian Way,53.000000000000007,52.000000000000007,6.8000000000000007
Aloha Pictures,23.0,31.0,3.2999999999999998
Greisman Productions,2.0,29.000000000000004,5.0999999999999996
LightWave Entertainment,66.999999999999972,64.999999999999986,6.9000000000000004
THINKFilm,65.999999999999972,78.0,6.5999999999999988
Warp Films,89.43153806124549,85.381496824546289,7.4973328590906236
Medusa Film,43.0,41.000000000000007,6.2999999999999989
Elmo De Witt Films,43.0,57.999999999999986,7.4999999999999991
Lynda Obst Productions,42.000000000000007,78.0,6.2999999999999989
Dogstar Films,27.999999999999996,59.000000000000014,5.7999999999999998
Egoli Tossell Film,71.0,66.999999999999972,6.9999999999999991
Ilion Animation,21.0,40.0,6.0999999999999996
Constellation Entertainment,64.031242374328471,74.458041875945185,6.9483811064160834
Asymmetrical Productions,95.999999999999986,90.999999999999972,7.9999999999999982
CiBy 2000,62.999999999999993,43.0,6.2000000000000011
Brightlight Pictures,74.999999999999972,43.0,5.7999999999999998
SenArt Films,95.0,90.0,7.7000000000000002
Eleventh Street Production,70.000000000000028,77.000000000000014,6.9000000000000004
A-Mark Entertainment,21.0,31.0,5.7999999999999998
Orion-Nova Productions,100.00000000000004,97.0,8.9000000000000004
Duplass Brothers Productions,76.993506219680668,54.552726787943442,6.2401923047290779
Havoc,93.000000000000028,85.999999999999972,7.5999999999999979
Radar Pictures,6.0,15.999999999999998,2.1000000000000001
Blue Train Productions,22.000000000000004,30.000000000000004,5.2000000000000002
Akil Production Company,57.000000000000007,64.999999999999986,5.5999999999999996
Imagi Animation Studios,40.816663263917093,55.226805085936292,6.4000000000000004
Gaylord Films,93.000000000000028,79.0,7.3000000000000007
An Olive Branch Productions,37.999999999999993,34.999999999999993,6.2000000000000011
Before The Door Pictures,88.000000000000028,74.000000000000028,7.1000000000000005
TMS Entertainment,87.0,90.0,8.1000000000000014
